<annotation>
    <folder>images</folder>
    <filename>videoplayback4592.jpg</filename>
    <size>
        <width>1000</width>
        <height>563</height>
        <depth>3</depth>
    </size>
    <object>
        <name>Millennium Falcon</name>
        <bndbox>
            <xmin>505</xmin>
            <ymin>200</ymin>
            <xmax>780</xmax>
            <ymax>310</ymax>
        </bndbox>
    </object>
    <object>
        <name>Tie Fighter</name>
        <bndbox>
            <xmin>182</xmin>
            <ymin>66</ymin>
            <xmax>587</xmax>
            <ymax>416</ymax>
        </bndbox>
    </object>
</annotation>