<annotation>
    <folder>images</folder>
    <filename>videoplayback2795.jpg</filename>
    <size>
        <width>1000</width>
        <height>563</height>
        <depth>3</depth>
    </size>
    <object>
        <name>Tie Fighter</name>
        <bndbox>
            <xmin>236</xmin>
            <ymin>303</ymin>
            <xmax>277</xmax>
            <ymax>359</ymax>
        </bndbox>
    </object>
    <object>
        <name>Tie Fighter</name>
        <bndbox>
            <xmin>557</xmin>
            <ymin>199</ymin>
            <xmax>607</xmax>
            <ymax>258</ymax>
        </bndbox>
    </object>
</annotation>