<annotation>
    <folder>images</folder>
    <filename>videoplayback0838.jpg</filename>
    <size>
        <width>1000</width>
        <height>563</height>
        <depth>3</depth>
    </size>
    <object>
        <name>Tie Fighter</name>
        <bndbox>
            <xmin>159</xmin>
            <ymin>111</ymin>
            <xmax>179</xmax>
            <ymax>134</ymax>
        </bndbox>
    </object>
    <object>
        <name>Tie Fighter</name>
        <bndbox>
            <xmin>412</xmin>
            <ymin>173</ymin>
            <xmax>434</xmax>
            <ymax>185</ymax>
        </bndbox>
    </object>
    <object>
        <name>Millennium Falcon</name>
        <bndbox>
            <xmin>255</xmin>
            <ymin>213</ymin>
            <xmax>741</xmax>
            <ymax>319</ymax>
        </bndbox>
    </object>
</annotation>