<annotation>
    <folder>images</folder>
    <filename>videoplayback2807.jpg</filename>
    <size>
        <width>1000</width>
        <height>563</height>
        <depth>3</depth>
    </size>
    <object>
        <name>Tie Fighter</name>
        <bndbox>
            <xmin>416</xmin>
            <ymin>253</ymin>
            <xmax>478</xmax>
            <ymax>316</ymax>
        </bndbox>
    </object>
    <object>
        <name>Tie Fighter</name>
        <bndbox>
            <xmin>656</xmin>
            <ymin>196</ymin>
            <xmax>719</xmax>
            <ymax>268</ymax>
        </bndbox>
    </object>
</annotation>