<annotation>
    <folder>images</folder>
    <filename>videoplayback4031.jpg</filename>
    <size>
        <width>1000</width>
        <height>563</height>
        <depth>3</depth>
    </size>
    <object>
        <name>Tie Fighter</name>
        <bndbox>
            <xmin>711</xmin>
            <ymin>251</ymin>
            <xmax>814</xmax>
            <ymax>365</ymax>
        </bndbox>
    </object>
    <object>
        <name>Millennium Falcon</name>
        <bndbox>
            <xmin>218</xmin>
            <ymin>72</ymin>
            <xmax>458</xmax>
            <ymax>467</ymax>
        </bndbox>
    </object>
</annotation>