<annotation>
    <folder>images</folder>
    <filename>videoplayback4419.jpg</filename>
    <size>
        <width>1000</width>
        <height>563</height>
        <depth>3</depth>
    </size>
    <object>
        <name>Millennium Falcon</name>
        <bndbox>
            <xmin>436</xmin>
            <ymin>293</ymin>
            <xmax>521</xmax>
            <ymax>340</ymax>
        </bndbox>
    </object>
    <object>
        <name>Tie Fighter</name>
        <bndbox>
            <xmin>452</xmin>
            <ymin>340</ymin>
            <xmax>512</xmax>
            <ymax>381</ymax>
        </bndbox>
    </object>
    <object>
        <name>Tie Fighter</name>
        <bndbox>
            <xmin>759</xmin>
            <ymin>295</ymin>
            <xmax>928</xmax>
            <ymax>463</ymax>
        </bndbox>
    </object>
</annotation>