<annotation>
    <folder>images</folder>
    <filename>videoplayback5310.jpg</filename>
    <size>
        <width>1000</width>
        <height>563</height>
        <depth>3</depth>
    </size>
    <object>
        <name>Tie Fighter</name>
        <bndbox>
            <xmin>320</xmin>
            <ymin>141</ymin>
            <xmax>354</xmax>
            <ymax>190</ymax>
        </bndbox>
    </object>
    <object>
        <name>Millennium Falcon</name>
        <bndbox>
            <xmin>201</xmin>
            <ymin>219</ymin>
            <xmax>267</xmax>
            <ymax>346</ymax>
        </bndbox>
    </object>
</annotation>