<annotation>
    <folder>images</folder>
    <filename>videoplayback0820.jpg</filename>
    <size>
        <width>1000</width>
        <height>563</height>
        <depth>3</depth>
    </size>
    <object>
        <name>Tie Fighter</name>
        <bndbox>
            <xmin>272</xmin>
            <ymin>164</ymin>
            <xmax>291</xmax>
            <ymax>190</ymax>
        </bndbox>
    </object>
    <object>
        <name>Millennium Falcon</name>
        <bndbox>
            <xmin>228</xmin>
            <ymin>231</ymin>
            <xmax>725</xmax>
            <ymax>319</ymax>
        </bndbox>
    </object>
</annotation>