<annotation>
    <folder>images</folder>
    <filename>videoplayback4172.jpg</filename>
    <size>
        <width>1000</width>
        <height>563</height>
        <depth>3</depth>
    </size>
    <object>
        <name>Tie Fighter</name>
        <bndbox>
            <xmin>645</xmin>
            <ymin>242</ymin>
            <xmax>702</xmax>
            <ymax>293</ymax>
        </bndbox>
    </object>
    <object>
        <name>Millennium Falcon</name>
        <bndbox>
            <xmin>556</xmin>
            <ymin>198</ymin>
            <xmax>653</xmax>
            <ymax>255</ymax>
        </bndbox>
    </object>
</annotation>