<annotation>
    <folder>images</folder>
    <filename>videoplayback6265.jpg</filename>
    <size>
        <width>1000</width>
        <height>563</height>
        <depth>3</depth>
    </size>
    <object>
        <name>Tie Fighter</name>
        <bndbox>
            <xmin>202</xmin>
            <ymin>67</ymin>
            <xmax>541</xmax>
            <ymax>466</ymax>
        </bndbox>
    </object>
    <object>
        <name>Millennium Falcon</name>
        <bndbox>
            <xmin>619</xmin>
            <ymin>164</ymin>
            <xmax>886</xmax>
            <ymax>482</ymax>
        </bndbox>
    </object>
</annotation>