<annotation>
    <folder>images</folder>
    <filename>videoplayback2789.jpg</filename>
    <size>
        <width>1000</width>
        <height>563</height>
        <depth>3</depth>
    </size>
    <object>
        <name>Tie Fighter</name>
        <bndbox>
            <xmin>118</xmin>
            <ymin>331</ymin>
            <xmax>155</xmax>
            <ymax>385</ymax>
        </bndbox>
    </object>
    <object>
        <name>Tie Fighter</name>
        <bndbox>
            <xmin>481</xmin>
            <ymin>212</ymin>
            <xmax>523</xmax>
            <ymax>275</ymax>
        </bndbox>
    </object>
</annotation>