<annotation>
    <folder>images</folder>
    <filename>videoplayback6080.jpg</filename>
    <size>
        <width>1000</width>
        <height>563</height>
        <depth>3</depth>
    </size>
    <object>
        <name>Millennium Falcon</name>
        <bndbox>
            <xmin>463</xmin>
            <ymin>271</ymin>
            <xmax>622</xmax>
            <ymax>405</ymax>
        </bndbox>
    </object>
    <object>
        <name>Tie Fighter</name>
        <bndbox>
            <xmin>287</xmin>
            <ymin>241</ymin>
            <xmax>335</xmax>
            <ymax>304</ymax>
        </bndbox>
    </object>
</annotation>