<annotation>
    <folder>images</folder>
    <filename>videoplayback4604.jpg</filename>
    <size>
        <width>1000</width>
        <height>563</height>
        <depth>3</depth>
    </size>
    <object>
        <name>Tie Fighter</name>
        <bndbox>
            <xmin>303</xmin>
            <ymin>165</ymin>
            <xmax>468</xmax>
            <ymax>312</ymax>
        </bndbox>
    </object>
    <object>
        <name>Millennium Falcon</name>
        <bndbox>
            <xmin>421</xmin>
            <ymin>177</ymin>
            <xmax>576</xmax>
            <ymax>221</ymax>
        </bndbox>
    </object>
</annotation>