<annotation>
    <folder>images</folder>
    <filename>videoplayback4190.jpg</filename>
    <size>
        <width>1000</width>
        <height>563</height>
        <depth>3</depth>
    </size>
    <object>
        <name>Tie Fighter</name>
        <bndbox>
            <xmin>525</xmin>
            <ymin>255</ymin>
            <xmax>774</xmax>
            <ymax>496</ymax>
        </bndbox>
    </object>
    <object>
        <name>Tie Fighter</name>
        <bndbox>
            <xmin>553</xmin>
            <ymin>145</ymin>
            <xmax>606</xmax>
            <ymax>210</ymax>
        </bndbox>
    </object>
    <object>
        <name>Millennium Falcon</name>
        <bndbox>
            <xmin>415</xmin>
            <ymin>161</ymin>
            <xmax>502</xmax>
            <ymax>237</ymax>
        </bndbox>
    </object>
</annotation>