<annotation>
    <folder>images</folder>
    <filename>videoplayback0832.jpg</filename>
    <size>
        <width>1000</width>
        <height>563</height>
        <depth>3</depth>
    </size>
    <object>
        <name>Millennium Falcon</name>
        <bndbox>
            <xmin>253</xmin>
            <ymin>215</ymin>
            <xmax>738</xmax>
            <ymax>320</ymax>
        </bndbox>
    </object>
    <object>
        <name>Tie Fighter</name>
        <bndbox>
            <xmin>369</xmin>
            <ymin>168</ymin>
            <xmax>388</xmax>
            <ymax>186</ymax>
        </bndbox>
    </object>
    <object>
        <name>Tie Fighter</name>
        <bndbox>
            <xmin>97</xmin>
            <ymin>103</ymin>
            <xmax>119</xmax>
            <ymax>131</ymax>
        </bndbox>
    </object>
</annotation>