<annotation>
    <folder>images</folder>
    <filename>videoplayback1637.jpg</filename>
    <size>
        <width>1000</width>
        <height>563</height>
        <depth>3</depth>
    </size>
    <object>
        <name>Millennium Falcon</name>
        <bndbox>
            <xmin>286</xmin>
            <ymin>284</ymin>
            <xmax>888</xmax>
            <ymax>433</ymax>
        </bndbox>
    </object>
    <object>
        <name>Tie Fighter</name>
        <bndbox>
            <xmin>656</xmin>
            <ymin>246</ymin>
            <xmax>677</xmax>
            <ymax>269</ymax>
        </bndbox>
    </object>
    <object>
        <name>Tie Fighter</name>
        <bndbox>
            <xmin>772</xmin>
            <ymin>253</ymin>
            <xmax>806</xmax>
            <ymax>277</ymax>
        </bndbox>
    </object>
</annotation>