<annotation>
    <folder>images</folder>
    <filename>videoplayback1820.jpg</filename>
    <size>
        <width>1000</width>
        <height>563</height>
        <depth>3</depth>
    </size>
    <object>
        <name>Tie Fighter</name>
        <bndbox>
            <xmin>283</xmin>
            <ymin>199</ymin>
            <xmax>305</xmax>
            <ymax>225</ymax>
        </bndbox>
    </object>
    <object>
        <name>Tie Fighter</name>
        <bndbox>
            <xmin>227</xmin>
            <ymin>141</ymin>
            <xmax>273</xmax>
            <ymax>198</ymax>
        </bndbox>
    </object>
    <object>
        <name>Millennium Falcon</name>
        <bndbox>
            <xmin>66</xmin>
            <ymin>264</ymin>
            <xmax>804</xmax>
            <ymax>437</ymax>
        </bndbox>
    </object>
</annotation>