<annotation>
    <folder>images</folder>
    <filename>videoplayback5316.jpg</filename>
    <size>
        <width>1000</width>
        <height>563</height>
        <depth>3</depth>
    </size>
    <object>
        <name>Millennium Falcon</name>
        <bndbox>
            <xmin>172</xmin>
            <ymin>204</ymin>
            <xmax>265</xmax>
            <ymax>374</ymax>
        </bndbox>
    </object>
    <object>
        <name>Tie Fighter</name>
        <bndbox>
            <xmin>285</xmin>
            <ymin>126</ymin>
            <xmax>324</xmax>
            <ymax>160</ymax>
        </bndbox>
    </object>
</annotation>