<annotation>
    <folder>images</folder>
    <filename>videoplayback4196.jpg</filename>
    <size>
        <width>1000</width>
        <height>563</height>
        <depth>3</depth>
    </size>
    <object>
        <name>Millennium Falcon</name>
        <bndbox>
            <xmin>434</xmin>
            <ymin>147</ymin>
            <xmax>524</xmax>
            <ymax>230</ymax>
        </bndbox>
    </object>
    <object>
        <name>Tie Fighter</name>
        <bndbox>
            <xmin>528</xmin>
            <ymin>306</ymin>
            <xmax>705</xmax>
            <ymax>469</ymax>
        </bndbox>
    </object>
    <object>
        <name>Tie Fighter</name>
        <bndbox>
            <xmin>588</xmin>
            <ymin>136</ymin>
            <xmax>655</xmax>
            <ymax>182</ymax>
        </bndbox>
    </object>
</annotation>