<annotation>
    <folder>images</folder>
    <filename>videoplayback1585.jpg</filename>
    <size>
        <width>1000</width>
        <height>563</height>
        <depth>3</depth>
    </size>
    <object>
        <name>Tie Fighter</name>
        <bndbox>
            <xmin>182</xmin>
            <ymin>198</ymin>
            <xmax>217</xmax>
            <ymax>222</ymax>
        </bndbox>
    </object>
    <object>
        <name>Tie Fighter</name>
        <bndbox>
            <xmin>131</xmin>
            <ymin>150</ymin>
            <xmax>186</xmax>
            <ymax>193</ymax>
        </bndbox>
    </object>
</annotation>