<annotation>
    <folder>images</folder>
    <filename>videoplayback0862.jpg</filename>
    <size>
        <width>1000</width>
        <height>563</height>
        <depth>3</depth>
    </size>
    <object>
        <name>Tie Fighter</name>
        <bndbox>
            <xmin>588</xmin>
            <ymin>184</ymin>
            <xmax>610</xmax>
            <ymax>210</ymax>
        </bndbox>
    </object>
    <object>
        <name>Tie Fighter</name>
        <bndbox>
            <xmin>371</xmin>
            <ymin>146</ymin>
            <xmax>390</xmax>
            <ymax>175</ymax>
        </bndbox>
    </object>
    <object>
        <name>Millennium Falcon</name>
        <bndbox>
            <xmin>259</xmin>
            <ymin>217</ymin>
            <xmax>737</xmax>
            <ymax>334</ymax>
        </bndbox>
    </object>
</annotation>