<annotation>
    <folder>images</folder>
    <filename>videoplayback2888.jpg</filename>
    <size>
        <width>1000</width>
        <height>563</height>
        <depth>3</depth>
    </size>
    <object>
        <name>Tie Fighter</name>
        <bndbox>
            <xmin>467</xmin>
            <ymin>281</ymin>
            <xmax>551</xmax>
            <ymax>365</ymax>
        </bndbox>
    </object>
    <object>
        <name>Tie Fighter</name>
        <bndbox>
            <xmin>704</xmin>
            <ymin>319</ymin>
            <xmax>745</xmax>
            <ymax>370</ymax>
        </bndbox>
    </object>
</annotation>