<annotation>
    <folder>images</folder>
    <filename>videoplayback1649.jpg</filename>
    <size>
        <width>1000</width>
        <height>563</height>
        <depth>3</depth>
    </size>
    <object>
        <name>Tie Fighter</name>
        <bndbox>
            <xmin>673</xmin>
            <ymin>252</ymin>
            <xmax>699</xmax>
            <ymax>276</ymax>
        </bndbox>
    </object>
    <object>
        <name>Millennium Falcon</name>
        <bndbox>
            <xmin>334</xmin>
            <ymin>283</ymin>
            <xmax>883</xmax>
            <ymax>438</ymax>
        </bndbox>
    </object>
</annotation>