<annotation>
    <folder>images</folder>
    <filename>videoplayback4634.jpg</filename>
    <size>
        <width>1000</width>
        <height>563</height>
        <depth>3</depth>
    </size>
    <object>
        <name>Tie Fighter</name>
        <bndbox>
            <xmin>572</xmin>
            <ymin>213</ymin>
            <xmax>643</xmax>
            <ymax>267</ymax>
        </bndbox>
    </object>
    <object>
        <name>Millennium Falcon</name>
        <bndbox>
            <xmin>155</xmin>
            <ymin>223</ymin>
            <xmax>290</xmax>
            <ymax>297</ymax>
        </bndbox>
    </object>
</annotation>