<annotation>
    <folder>images</folder>
    <filename>videoplayback4306.jpg</filename>
    <size>
        <width>1000</width>
        <height>563</height>
        <depth>3</depth>
    </size>
    <object>
        <name>Tie Fighter</name>
        <bndbox>
            <xmin>423</xmin>
            <ymin>159</ymin>
            <xmax>516</xmax>
            <ymax>305</ymax>
        </bndbox>
    </object>
    <object>
        <name>Tie Fighter</name>
        <bndbox>
            <xmin>576</xmin>
            <ymin>95</ymin>
            <xmax>818</xmax>
            <ymax>363</ymax>
        </bndbox>
    </object>
</annotation>