<annotation>
    <folder>images</folder>
    <filename>videoplayback2710.jpg</filename>
    <size>
        <width>1000</width>
        <height>563</height>
        <depth>3</depth>
    </size>
    <object>
        <name>Tie Fighter</name>
        <bndbox>
            <xmin>139</xmin>
            <ymin>225</ymin>
            <xmax>188</xmax>
            <ymax>288</ymax>
        </bndbox>
    </object>
    <object>
        <name>Tie Fighter</name>
        <bndbox>
            <xmin>188</xmin>
            <ymin>179</ymin>
            <xmax>282</xmax>
            <ymax>283</ymax>
        </bndbox>
    </object>
    <object>
        <name>Millennium Falcon</name>
        <bndbox>
            <xmin>355</xmin>
            <ymin>69</ymin>
            <xmax>986</xmax>
            <ymax>498</ymax>
        </bndbox>
    </object>
</annotation>