<annotation>
    <folder>images</folder>
    <filename>videoplayback1619.jpg</filename>
    <size>
        <width>1000</width>
        <height>563</height>
        <depth>3</depth>
    </size>
    <object>
        <name>Millennium Falcon</name>
        <bndbox>
            <xmin>263</xmin>
            <ymin>286</ymin>
            <xmax>858</xmax>
            <ymax>466</ymax>
        </bndbox>
    </object>
    <object>
        <name>Tie Fighter</name>
        <bndbox>
            <xmin>714</xmin>
            <ymin>247</ymin>
            <xmax>755</xmax>
            <ymax>290</ymax>
        </bndbox>
    </object>
    <object>
        <name>Tie Fighter</name>
        <bndbox>
            <xmin>859</xmin>
            <ymin>204</ymin>
            <xmax>952</xmax>
            <ymax>274</ymax>
        </bndbox>
    </object>
</annotation>