<annotation>
    <folder>images</folder>
    <filename>videoplayback2813.jpg</filename>
    <size>
        <width>1000</width>
        <height>563</height>
        <depth>3</depth>
    </size>
    <object>
        <name>Tie Fighter</name>
        <bndbox>
            <xmin>466</xmin>
            <ymin>256</ymin>
            <xmax>524</xmax>
            <ymax>330</ymax>
        </bndbox>
    </object>
    <object>
        <name>Tie Fighter</name>
        <bndbox>
            <xmin>684</xmin>
            <ymin>244</ymin>
            <xmax>754</xmax>
            <ymax>322</ymax>
        </bndbox>
    </object>
</annotation>