<annotation>
    <folder>images</folder>
    <filename>videoplayback4425.jpg</filename>
    <size>
        <width>1000</width>
        <height>563</height>
        <depth>3</depth>
    </size>
    <object>
        <name>Millennium Falcon</name>
        <bndbox>
            <xmin>399</xmin>
            <ymin>266</ymin>
            <xmax>468</xmax>
            <ymax>326</ymax>
        </bndbox>
    </object>
    <object>
        <name>Tie Fighter</name>
        <bndbox>
            <xmin>703</xmin>
            <ymin>325</ymin>
            <xmax>844</xmax>
            <ymax>489</ymax>
        </bndbox>
    </object>
</annotation>