<annotation>
    <folder>images</folder>
    <filename>videoplayback3672.jpg</filename>
    <size>
        <width>1000</width>
        <height>563</height>
        <depth>3</depth>
    </size>
    <object>
        <name>Tie Fighter</name>
        <bndbox>
            <xmin>883</xmin>
            <ymin>323</ymin>
            <xmax>926</xmax>
            <ymax>368</ymax>
        </bndbox>
    </object>
    <object>
        <name>Millennium Falcon</name>
        <bndbox>
            <xmin>373</xmin>
            <ymin>176</ymin>
            <xmax>735</xmax>
            <ymax>401</ymax>
        </bndbox>
    </object>
</annotation>