<annotation>
    <folder>images</folder>
    <filename>videoplayback0051.jpg</filename>
    <size>
        <width>1000</width>
        <height>563</height>
        <depth>3</depth>
    </size>
    <object>
        <name>Tie Fighter</name>
        <bndbox>
            <xmin>133</xmin>
            <ymin>150</ymin>
            <xmax>146</xmax>
            <ymax>161</ymax>
        </bndbox>
    </object>
    <object>
        <name>Tie Fighter</name>
        <bndbox>
            <xmin>156</xmin>
            <ymin>164</ymin>
            <xmax>168</xmax>
            <ymax>176</ymax>
        </bndbox>
    </object>
</annotation>