<annotation>
    <folder>images</folder>
    <filename>videoplayback6086.jpg</filename>
    <size>
        <width>1000</width>
        <height>563</height>
        <depth>3</depth>
    </size>
    <object>
        <name>Millennium Falcon</name>
        <bndbox>
            <xmin>348</xmin>
            <ymin>285</ymin>
            <xmax>696</xmax>
            <ymax>440</ymax>
        </bndbox>
    </object>
    <object>
        <name>Tie Fighter</name>
        <bndbox>
            <xmin>309</xmin>
            <ymin>210</ymin>
            <xmax>382</xmax>
            <ymax>251</ymax>
        </bndbox>
    </object>
</annotation>