<annotation>
    <folder>images</folder>
    <filename>videoplayback2825.jpg</filename>
    <size>
        <width>1000</width>
        <height>563</height>
        <depth>3</depth>
    </size>
    <object>
        <name>Tie Fighter</name>
        <bndbox>
            <xmin>493</xmin>
            <ymin>176</ymin>
            <xmax>573</xmax>
            <ymax>268</ymax>
        </bndbox>
    </object>
    <object>
        <name>Tie Fighter</name>
        <bndbox>
            <xmin>704</xmin>
            <ymin>227</ymin>
            <xmax>802</xmax>
            <ymax>331</ymax>
        </bndbox>
    </object>
</annotation>