<annotation>
    <folder>images</folder>
    <filename>videoplayback1802.jpg</filename>
    <size>
        <width>1000</width>
        <height>563</height>
        <depth>3</depth>
    </size>
    <object>
        <name>Tie Fighter</name>
        <bndbox>
            <xmin>319</xmin>
            <ymin>221</ymin>
            <xmax>349</xmax>
            <ymax>249</ymax>
        </bndbox>
    </object>
    <object>
        <name>Millennium Falcon</name>
        <bndbox>
            <xmin>95</xmin>
            <ymin>286</ymin>
            <xmax>923</xmax>
            <ymax>474</ymax>
        </bndbox>
    </object>
</annotation>