<annotation>
    <folder>images</folder>
    <filename>videoplayback1625.jpg</filename>
    <size>
        <width>1000</width>
        <height>563</height>
        <depth>3</depth>
    </size>
    <object>
        <name>Tie Fighter</name>
        <bndbox>
            <xmin>679</xmin>
            <ymin>258</ymin>
            <xmax>718</xmax>
            <ymax>288</ymax>
        </bndbox>
    </object>
    <object>
        <name>Tie Fighter</name>
        <bndbox>
            <xmin>826</xmin>
            <ymin>239</ymin>
            <xmax>881</xmax>
            <ymax>285</ymax>
        </bndbox>
    </object>
    <object>
        <name>Millennium Falcon</name>
        <bndbox>
            <xmin>262</xmin>
            <ymin>290</ymin>
            <xmax>851</xmax>
            <ymax>455</ymax>
        </bndbox>
    </object>
</annotation>