<annotation>
    <folder>images</folder>
    <filename>videoplayback4449.jpg</filename>
    <size>
        <width>1000</width>
        <height>563</height>
        <depth>3</depth>
    </size>
    <object>
        <name>Millennium Falcon</name>
        <bndbox>
            <xmin>463</xmin>
            <ymin>282</ymin>
            <xmax>559</xmax>
            <ymax>365</ymax>
        </bndbox>
    </object>
    <object>
        <name>Tie Fighter</name>
        <bndbox>
            <xmin>896</xmin>
            <ymin>267</ymin>
            <xmax>937</xmax>
            <ymax>312</ymax>
        </bndbox>
    </object>
</annotation>