<annotation>
    <folder>images</folder>
    <filename>videoplayback3470.jpg</filename>
    <size>
        <width>1000</width>
        <height>563</height>
        <depth>3</depth>
    </size>
    <object>
        <name>Tie Fighter</name>
        <bndbox>
            <xmin>129</xmin>
            <ymin>159</ymin>
            <xmax>269</xmax>
            <ymax>299</ymax>
        </bndbox>
    </object>
    <object>
        <name>Millennium Falcon</name>
        <bndbox>
            <xmin>333</xmin>
            <ymin>234</ymin>
            <xmax>470</xmax>
            <ymax>276</ymax>
        </bndbox>
    </object>
</annotation>