<annotation>
    <folder>images</folder>
    <filename>videoplayback3810.jpg</filename>
    <size>
        <width>1000</width>
        <height>563</height>
        <depth>3</depth>
    </size>
    <object>
        <name>Tie Fighter</name>
        <bndbox>
            <xmin>353</xmin>
            <ymin>266</ymin>
            <xmax>422</xmax>
            <ymax>344</ymax>
        </bndbox>
    </object>
    <object>
        <name>Tie Fighter</name>
        <bndbox>
            <xmin>511</xmin>
            <ymin>315</ymin>
            <xmax>542</xmax>
            <ymax>344</ymax>
        </bndbox>
    </object>
</annotation>