<annotation>
    <folder>images</folder>
    <filename>videoplayback0057.jpg</filename>
    <size>
        <width>1000</width>
        <height>563</height>
        <depth>3</depth>
    </size>
    <object>
        <name>Tie Fighter</name>
        <bndbox>
            <xmin>169</xmin>
            <ymin>160</ymin>
            <xmax>179</xmax>
            <ymax>171</ymax>
        </bndbox>
    </object>
    <object>
        <name>Tie Fighter</name>
        <bndbox>
            <xmin>143</xmin>
            <ymin>146</ymin>
            <xmax>155</xmax>
            <ymax>158</ymax>
        </bndbox>
    </object>
</annotation>