<annotation>
    <folder>images</folder>
    <filename>videoplayback4294.jpg</filename>
    <size>
        <width>1000</width>
        <height>563</height>
        <depth>3</depth>
    </size>
    <object>
        <name>Tie Fighter</name>
        <bndbox>
            <xmin>573</xmin>
            <ymin>68</ymin>
            <xmax>996</xmax>
            <ymax>428</ymax>
        </bndbox>
    </object>
    <object>
        <name>Tie Fighter</name>
        <bndbox>
            <xmin>424</xmin>
            <ymin>126</ymin>
            <xmax>549</xmax>
            <ymax>297</ymax>
        </bndbox>
    </object>
</annotation>