<annotation>
    <folder>images</folder>
    <filename>videoplayback5298.jpg</filename>
    <size>
        <width>1000</width>
        <height>563</height>
        <depth>3</depth>
    </size>
    <object>
        <name>Tie Fighter</name>
        <bndbox>
            <xmin>334</xmin>
            <ymin>174</ymin>
            <xmax>362</xmax>
            <ymax>198</ymax>
        </bndbox>
    </object>
    <object>
        <name>Millennium Falcon</name>
        <bndbox>
            <xmin>230</xmin>
            <ymin>202</ymin>
            <xmax>295</xmax>
            <ymax>270</ymax>
        </bndbox>
    </object>
</annotation>