<annotation>
    <folder>images</folder>
    <filename>videoplayback0802.jpg</filename>
    <size>
        <width>1000</width>
        <height>563</height>
        <depth>3</depth>
    </size>
    <object>
        <name>Tie Fighter</name>
        <bndbox>
            <xmin>128</xmin>
            <ymin>178</ymin>
            <xmax>150</xmax>
            <ymax>197</ymax>
        </bndbox>
    </object>
    <object>
        <name>Millennium Falcon</name>
        <bndbox>
            <xmin>222</xmin>
            <ymin>228</ymin>
            <xmax>738</xmax>
            <ymax>339</ymax>
        </bndbox>
    </object>
</annotation>