<annotation>
    <folder>images</folder>
    <filename>videoplayback4628.jpg</filename>
    <size>
        <width>1000</width>
        <height>563</height>
        <depth>3</depth>
    </size>
    <object>
        <name>Millennium Falcon</name>
        <bndbox>
            <xmin>154</xmin>
            <ymin>202</ymin>
            <xmax>310</xmax>
            <ymax>301</ymax>
        </bndbox>
    </object>
    <object>
        <name>Tie Fighter</name>
        <bndbox>
            <xmin>506</xmin>
            <ymin>168</ymin>
            <xmax>581</xmax>
            <ymax>243</ymax>
        </bndbox>
    </object>
</annotation>