<annotation>
    <folder>images</folder>
    <filename>videoplayback4202.jpg</filename>
    <size>
        <width>1000</width>
        <height>563</height>
        <depth>3</depth>
    </size>
    <object>
        <name>Millennium Falcon</name>
        <bndbox>
            <xmin>475</xmin>
            <ymin>155</ymin>
            <xmax>568</xmax>
            <ymax>210</ymax>
        </bndbox>
    </object>
    <object>
        <name>Tie Fighter</name>
        <bndbox>
            <xmin>550</xmin>
            <ymin>307</ymin>
            <xmax>695</xmax>
            <ymax>455</ymax>
        </bndbox>
    </object>
    <object>
        <name>Tie Fighter</name>
        <bndbox>
            <xmin>668</xmin>
            <ymin>149</ymin>
            <xmax>704</xmax>
            <ymax>196</ymax>
        </bndbox>
    </object>
</annotation>