<annotation>
    <folder>images</folder>
    <filename>videoplayback2831.jpg</filename>
    <size>
        <width>1000</width>
        <height>563</height>
        <depth>3</depth>
    </size>
    <object>
        <name>Tie Fighter</name>
        <bndbox>
            <xmin>456</xmin>
            <ymin>176</ymin>
            <xmax>573</xmax>
            <ymax>308</ymax>
        </bndbox>
    </object>
    <object>
        <name>Tie Fighter</name>
        <bndbox>
            <xmin>703</xmin>
            <ymin>247</ymin>
            <xmax>828</xmax>
            <ymax>378</ymax>
        </bndbox>
    </object>
</annotation>