<annotation>
    <folder>images</folder>
    <filename>videoplayback0090.jpg</filename>
    <size>
        <width>1000</width>
        <height>563</height>
        <depth>3</depth>
    </size>
    <object>
        <name>Tie Fighter</name>
        <bndbox>
            <xmin>95</xmin>
            <ymin>278</ymin>
            <xmax>105</xmax>
            <ymax>291</ymax>
        </bndbox>
    </object>
    <object>
        <name>Tie Fighter</name>
        <bndbox>
            <xmin>71</xmin>
            <ymin>259</ymin>
            <xmax>79</xmax>
            <ymax>269</ymax>
        </bndbox>
    </object>
</annotation>