<annotation>
    <folder>images</folder>
    <filename>videoplayback5544.jpg</filename>
    <size>
        <width>1000</width>
        <height>563</height>
        <depth>3</depth>
    </size>
    <object>
        <name>Millennium Falcon</name>
        <bndbox>
            <xmin>801</xmin>
            <ymin>141</ymin>
            <xmax>870</xmax>
            <ymax>203</ymax>
        </bndbox>
    </object>
    <object>
        <name>Tie Fighter</name>
        <bndbox>
            <xmin>312</xmin>
            <ymin>297</ymin>
            <xmax>385</xmax>
            <ymax>355</ymax>
        </bndbox>
    </object>
</annotation>