<annotation>
    <folder>images</folder>
    <filename>videoplayback2894.jpg</filename>
    <size>
        <width>1000</width>
        <height>563</height>
        <depth>3</depth>
    </size>
    <object>
        <name>Millennium Falcon</name>
        <bndbox>
            <xmin>87</xmin>
            <ymin>392</ymin>
            <xmax>602</xmax>
            <ymax>492</ymax>
        </bndbox>
    </object>
    <object>
        <name>Tie Fighter</name>
        <bndbox>
            <xmin>409</xmin>
            <ymin>248</ymin>
            <xmax>487</xmax>
            <ymax>331</ymax>
        </bndbox>
    </object>
    <object>
        <name>Tie Fighter</name>
        <bndbox>
            <xmin>646</xmin>
            <ymin>234</ymin>
            <xmax>692</xmax>
            <ymax>287</ymax>
        </bndbox>
    </object>
</annotation>