<annotation>
    <folder>images</folder>
    <filename>videoplayback0814.jpg</filename>
    <size>
        <width>1000</width>
        <height>563</height>
        <depth>3</depth>
    </size>
    <object>
        <name>Tie Fighter</name>
        <bndbox>
            <xmin>226</xmin>
            <ymin>168</ymin>
            <xmax>248</xmax>
            <ymax>192</ymax>
        </bndbox>
    </object>
    <object>
        <name>Millennium Falcon</name>
        <bndbox>
            <xmin>218</xmin>
            <ymin>231</ymin>
            <xmax>736</xmax>
            <ymax>340</ymax>
        </bndbox>
    </object>
</annotation>