<annotation>
    <folder>images</folder>
    <filename>videoplayback0517.jpg</filename>
    <size>
        <width>1000</width>
        <height>563</height>
        <depth>3</depth>
    </size>
    <object>
        <name>Tie Fighter</name>
        <bndbox>
            <xmin>245</xmin>
            <ymin>278</ymin>
            <xmax>262</xmax>
            <ymax>289</ymax>
        </bndbox>
    </object>
    <object>
        <name>Tie Fighter</name>
        <bndbox>
            <xmin>60</xmin>
            <ymin>164</ymin>
            <xmax>101</xmax>
            <ymax>215</ymax>
        </bndbox>
    </object>
</annotation>