<annotation>
    <folder>images</folder>
    <filename>videoplayback3397.jpg</filename>
    <size>
        <width>1000</width>
        <height>563</height>
        <depth>3</depth>
    </size>
    <object>
        <name>Tie Fighter</name>
        <bndbox>
            <xmin>377</xmin>
            <ymin>84</ymin>
            <xmax>470</xmax>
            <ymax>175</ymax>
        </bndbox>
    </object>
    <object>
        <name>Tie Fighter</name>
        <bndbox>
            <xmin>686</xmin>
            <ymin>150</ymin>
            <xmax>858</xmax>
            <ymax>310</ymax>
        </bndbox>
    </object>
</annotation>