<annotation>
    <folder>images</folder>
    <filename>videoplayback3476.jpg</filename>
    <size>
        <width>1000</width>
        <height>563</height>
        <depth>3</depth>
    </size>
    <object>
        <name>Tie Fighter</name>
        <bndbox>
            <xmin>703</xmin>
            <ymin>184</ymin>
            <xmax>995</xmax>
            <ymax>491</ymax>
        </bndbox>
    </object>
    <object>
        <name>Tie Fighter</name>
        <bndbox>
            <xmin>92</xmin>
            <ymin>179</ymin>
            <xmax>231</xmax>
            <ymax>321</ymax>
        </bndbox>
    </object>
    <object>
        <name>Millennium Falcon</name>
        <bndbox>
            <xmin>333</xmin>
            <ymin>239</ymin>
            <xmax>466</xmax>
            <ymax>289</ymax>
        </bndbox>
    </object>
</annotation>