<annotation>
    <folder>images</folder>
    <filename>videoplayback0096.jpg</filename>
    <size>
        <width>1000</width>
        <height>563</height>
        <depth>3</depth>
    </size>
    <object>
        <name>Tie Fighter</name>
        <bndbox>
            <xmin>112</xmin>
            <ymin>279</ymin>
            <xmax>123</xmax>
            <ymax>291</ymax>
        </bndbox>
    </object>
    <object>
        <name>Tie Fighter</name>
        <bndbox>
            <xmin>86</xmin>
            <ymin>258</ymin>
            <xmax>96</xmax>
            <ymax>268</ymax>
        </bndbox>
    </object>
</annotation>