<annotation>
    <folder>images</folder>
    <filename>videoplayback3180.jpg</filename>
    <size>
        <width>1000</width>
        <height>563</height>
        <depth>3</depth>
    </size>
    <object>
        <name>Tie Fighter</name>
        <bndbox>
            <xmin>612</xmin>
            <ymin>199</ymin>
            <xmax>643</xmax>
            <ymax>231</ymax>
        </bndbox>
    </object>
    <object>
        <name>Tie Fighter</name>
        <bndbox>
            <xmin>498</xmin>
            <ymin>180</ymin>
            <xmax>523</xmax>
            <ymax>213</ymax>
        </bndbox>
    </object>
    <object>
        <name>Millennium Falcon</name>
        <bndbox>
            <xmin>534</xmin>
            <ymin>221</ymin>
            <xmax>632</xmax>
            <ymax>261</ymax>
        </bndbox>
    </object>
</annotation>