<annotation>
    <folder>images</folder>
    <filename>videoplayback5502.jpg</filename>
    <size>
        <width>1000</width>
        <height>563</height>
        <depth>3</depth>
    </size>
    <object>
        <name>Tie Fighter</name>
        <bndbox>
            <xmin>338</xmin>
            <ymin>231</ymin>
            <xmax>431</xmax>
            <ymax>359</ymax>
        </bndbox>
    </object>
    <object>
        <name>Millennium Falcon</name>
        <bndbox>
            <xmin>467</xmin>
            <ymin>291</ymin>
            <xmax>505</xmax>
            <ymax>316</ymax>
        </bndbox>
    </object>
</annotation>