<annotation>
    <folder>images</folder>
    <filename>videoplayback4300.jpg</filename>
    <size>
        <width>1000</width>
        <height>563</height>
        <depth>3</depth>
    </size>
    <object>
        <name>Tie Fighter</name>
        <bndbox>
            <xmin>420</xmin>
            <ymin>153</ymin>
            <xmax>533</xmax>
            <ymax>325</ymax>
        </bndbox>
    </object>
    <object>
        <name>Tie Fighter</name>
        <bndbox>
            <xmin>574</xmin>
            <ymin>89</ymin>
            <xmax>865</xmax>
            <ymax>360</ymax>
        </bndbox>
    </object>
</annotation>