<annotation>
    <folder>images</folder>
    <filename>videoplayback5358.jpg</filename>
    <size>
        <width>1000</width>
        <height>563</height>
        <depth>3</depth>
    </size>
    <object>
        <name>Tie Fighter</name>
        <bndbox>
            <xmin>461</xmin>
            <ymin>118</ymin>
            <xmax>653</xmax>
            <ymax>312</ymax>
        </bndbox>
    </object>
    <object>
        <name>Millennium Falcon</name>
        <bndbox>
            <xmin>738</xmin>
            <ymin>134</ymin>
            <xmax>819</xmax>
            <ymax>186</ymax>
        </bndbox>
    </object>
</annotation>