<annotation>
    <folder>images</folder>
    <filename>videoplayback2900.jpg</filename>
    <size>
        <width>1000</width>
        <height>563</height>
        <depth>3</depth>
    </size>
    <object>
        <name>Millennium Falcon</name>
        <bndbox>
            <xmin>4</xmin>
            <ymin>103</ymin>
            <xmax>584</xmax>
            <ymax>395</ymax>
        </bndbox>
    </object>
    <object>
        <name>Tie Fighter</name>
        <bndbox>
            <xmin>588</xmin>
            <ymin>166</ymin>
            <xmax>636</xmax>
            <ymax>221</ymax>
        </bndbox>
    </object>
</annotation>