<annotation>
    <folder>images</folder>
    <filename>videoplayback2783.jpg</filename>
    <size>
        <width>1000</width>
        <height>563</height>
        <depth>3</depth>
    </size>
    <object>
        <name>Tie Fighter</name>
        <bndbox>
            <xmin>414</xmin>
            <ymin>201</ymin>
            <xmax>452</xmax>
            <ymax>256</ymax>
        </bndbox>
    </object>
    <object>
        <name>Tie Fighter</name>
        <bndbox>
            <xmin>10</xmin>
            <ymin>321</ymin>
            <xmax>46</xmax>
            <ymax>383</ymax>
        </bndbox>
    </object>
</annotation>