<annotation>
    <folder>images</folder>
    <filename>videoplayback0850.jpg</filename>
    <size>
        <width>1000</width>
        <height>563</height>
        <depth>3</depth>
    </size>
    <object>
        <name>Millennium Falcon</name>
        <bndbox>
            <xmin>267</xmin>
            <ymin>216</ymin>
            <xmax>729</xmax>
            <ymax>328</ymax>
        </bndbox>
    </object>
    <object>
        <name>Tie Fighter</name>
        <bndbox>
            <xmin>501</xmin>
            <ymin>177</ymin>
            <xmax>519</xmax>
            <ymax>198</ymax>
        </bndbox>
    </object>
    <object>
        <name>Tie Fighter</name>
        <bndbox>
            <xmin>265</xmin>
            <ymin>130</ymin>
            <xmax>284</xmax>
            <ymax>155</ymax>
        </bndbox>
    </object>
</annotation>