<annotation>
    <folder>images</folder>
    <filename>videoplayback2801.jpg</filename>
    <size>
        <width>1000</width>
        <height>563</height>
        <depth>3</depth>
    </size>
    <object>
        <name>Tie Fighter</name>
        <bndbox>
            <xmin>340</xmin>
            <ymin>283</ymin>
            <xmax>378</xmax>
            <ymax>345</ymax>
        </bndbox>
    </object>
    <object>
        <name>Tie Fighter</name>
        <bndbox>
            <xmin>620</xmin>
            <ymin>211</ymin>
            <xmax>671</xmax>
            <ymax>269</ymax>
        </bndbox>
    </object>
</annotation>