<annotation>
    <folder>images</folder>
    <filename>videoplayback4136.jpg</filename>
    <size>
        <width>1000</width>
        <height>563</height>
        <depth>3</depth>
    </size>
    <object>
        <name>Millennium Falcon</name>
        <bndbox>
            <xmin>433</xmin>
            <ymin>319</ymin>
            <xmax>737</xmax>
            <ymax>402</ymax>
        </bndbox>
    </object>
    <object>
        <name>Tie Fighter</name>
        <bndbox>
            <xmin>430</xmin>
            <ymin>179</ymin>
            <xmax>552</xmax>
            <ymax>286</ymax>
        </bndbox>
    </object>
</annotation>