<annotation>
    <folder>images</folder>
    <filename>videoplayback5304.jpg</filename>
    <size>
        <width>1000</width>
        <height>563</height>
        <depth>3</depth>
    </size>
    <object>
        <name>Millennium Falcon</name>
        <bndbox>
            <xmin>205</xmin>
            <ymin>221</ymin>
            <xmax>276</xmax>
            <ymax>314</ymax>
        </bndbox>
    </object>
    <object>
        <name>Tie Fighter</name>
        <bndbox>
            <xmin>324</xmin>
            <ymin>166</ymin>
            <xmax>354</xmax>
            <ymax>204</ymax>
        </bndbox>
    </object>
</annotation>