<annotation>
    <folder>images</folder>
    <filename>videoplayback3464.jpg</filename>
    <size>
        <width>1000</width>
        <height>563</height>
        <depth>3</depth>
    </size>
    <object>
        <name>Tie Fighter</name>
        <bndbox>
            <xmin>208</xmin>
            <ymin>164</ymin>
            <xmax>331</xmax>
            <ymax>308</ymax>
        </bndbox>
    </object>
    <object>
        <name>Millennium Falcon</name>
        <bndbox>
            <xmin>349</xmin>
            <ymin>204</ymin>
            <xmax>474</xmax>
            <ymax>271</ymax>
        </bndbox>
    </object>
</annotation>