<annotation>
    <folder>images</folder>
    <filename>videoplayback3660.jpg</filename>
    <size>
        <width>1000</width>
        <height>563</height>
        <depth>3</depth>
    </size>
    <object>
        <name>Tie Fighter</name>
        <bndbox>
            <xmin>847</xmin>
            <ymin>279</ymin>
            <xmax>872</xmax>
            <ymax>304</ymax>
        </bndbox>
    </object>
    <object>
        <name>Tie Fighter</name>
        <bndbox>
            <xmin>751</xmin>
            <ymin>313</ymin>
            <xmax>785</xmax>
            <ymax>357</ymax>
        </bndbox>
    </object>
    <object>
        <name>Millennium Falcon</name>
        <bndbox>
            <xmin>363</xmin>
            <ymin>230</ymin>
            <xmax>702</xmax>
            <ymax>339</ymax>
        </bndbox>
    </object>
</annotation>