<annotation>
    <folder>images</folder>
    <filename>videoplayback4118.jpg</filename>
    <size>
        <width>1000</width>
        <height>563</height>
        <depth>3</depth>
    </size>
    <object>
        <name>Tie Fighter</name>
        <bndbox>
            <xmin>756</xmin>
            <ymin>110</ymin>
            <xmax>976</xmax>
            <ymax>416</ymax>
        </bndbox>
    </object>
    <object>
        <name>Millennium Falcon</name>
        <bndbox>
            <xmin>451</xmin>
            <ymin>91</ymin>
            <xmax>628</xmax>
            <ymax>258</ymax>
        </bndbox>
    </object>
</annotation>