<annotation>
    <folder>images</folder>
    <filename>videoplayback4025.jpg</filename>
    <size>
        <width>1000</width>
        <height>563</height>
        <depth>3</depth>
    </size>
    <object>
        <name>Millennium Falcon</name>
        <bndbox>
            <xmin>321</xmin>
            <ymin>101</ymin>
            <xmax>479</xmax>
            <ymax>477</ymax>
        </bndbox>
    </object>
    <object>
        <name>Tie Fighter</name>
        <bndbox>
            <xmin>565</xmin>
            <ymin>304</ymin>
            <xmax>658</xmax>
            <ymax>400</ymax>
        </bndbox>
    </object>
    <object>
        <name>Tie Fighter</name>
        <bndbox>
            <xmin>701</xmin>
            <ymin>330</ymin>
            <xmax>811</xmax>
            <ymax>429</ymax>
        </bndbox>
    </object>
</annotation>