<annotation>
    <folder>images</folder>
    <filename>videoplayback0529.jpg</filename>
    <size>
        <width>1000</width>
        <height>563</height>
        <depth>3</depth>
    </size>
    <object>
        <name>Tie Fighter</name>
        <bndbox>
            <xmin>223</xmin>
            <ymin>256</ymin>
            <xmax>252</xmax>
            <ymax>280</ymax>
        </bndbox>
    </object>
    <object>
        <name>Tie Fighter</name>
        <bndbox>
            <xmin>99</xmin>
            <ymin>146</ymin>
            <xmax>171</xmax>
            <ymax>231</ymax>
        </bndbox>
    </object>
</annotation>