<annotation>
    <folder>images</folder>
    <filename>videoplayback0868.jpg</filename>
    <size>
        <width>1000</width>
        <height>563</height>
        <depth>3</depth>
    </size>
    <object>
        <name>Tie Fighter</name>
        <bndbox>
            <xmin>622</xmin>
            <ymin>192</ymin>
            <xmax>645</xmax>
            <ymax>208</ymax>
        </bndbox>
    </object>
    <object>
        <name>Tie Fighter</name>
        <bndbox>
            <xmin>421</xmin>
            <ymin>158</ymin>
            <xmax>447</xmax>
            <ymax>182</ymax>
        </bndbox>
    </object>
    <object>
        <name>Millennium Falcon</name>
        <bndbox>
            <xmin>255</xmin>
            <ymin>206</ymin>
            <xmax>732</xmax>
            <ymax>328</ymax>
        </bndbox>
    </object>
</annotation>