<annotation>
    <folder>images</folder>
    <filename>videoplayback4013.jpg</filename>
    <size>
        <width>1000</width>
        <height>563</height>
        <depth>3</depth>
    </size>
    <object>
        <name>Tie Fighter</name>
        <bndbox>
            <xmin>518</xmin>
            <ymin>358</ymin>
            <xmax>562</xmax>
            <ymax>409</ymax>
        </bndbox>
    </object>
    <object>
        <name>Tie Fighter</name>
        <bndbox>
            <xmin>562</xmin>
            <ymin>376</ymin>
            <xmax>619</xmax>
            <ymax>440</ymax>
        </bndbox>
    </object>
    <object>
        <name>Millennium Falcon</name>
        <bndbox>
            <xmin>404</xmin>
            <ymin>258</ymin>
            <xmax>636</xmax>
            <ymax>360</ymax>
        </bndbox>
    </object>
</annotation>