<annotation>
    <folder>images</folder>
    <filename>videoplayback4461.jpg</filename>
    <size>
        <width>1000</width>
        <height>563</height>
        <depth>3</depth>
    </size>
    <object>
        <name>Millennium Falcon</name>
        <bndbox>
            <xmin>337</xmin>
            <ymin>209</ymin>
            <xmax>469</xmax>
            <ymax>351</ymax>
        </bndbox>
    </object>
    <object>
        <name>Tie Fighter</name>
        <bndbox>
            <xmin>726</xmin>
            <ymin>278</ymin>
            <xmax>763</xmax>
            <ymax>333</ymax>
        </bndbox>
    </object>
</annotation>