<annotation>
    <folder>images</folder>
    <filename>videoplayback2819.jpg</filename>
    <size>
        <width>1000</width>
        <height>563</height>
        <depth>3</depth>
    </size>
    <object>
        <name>Tie Fighter</name>
        <bndbox>
            <xmin>471</xmin>
            <ymin>231</ymin>
            <xmax>558</xmax>
            <ymax>320</ymax>
        </bndbox>
    </object>
    <object>
        <name>Tie Fighter</name>
        <bndbox>
            <xmin>696</xmin>
            <ymin>258</ymin>
            <xmax>780</xmax>
            <ymax>351</ymax>
        </bndbox>
    </object>
</annotation>