<annotation>
    <folder>images</folder>
    <filename>videoplayback5508.jpg</filename>
    <size>
        <width>1000</width>
        <height>563</height>
        <depth>3</depth>
    </size>
    <object>
        <name>Tie Fighter</name>
        <bndbox>
            <xmin>407</xmin>
            <ymin>274</ymin>
            <xmax>458</xmax>
            <ymax>323</ymax>
        </bndbox>
    </object>
    <object>
        <name>Millennium Falcon</name>
        <bndbox>
            <xmin>491</xmin>
            <ymin>277</ymin>
            <xmax>525</xmax>
            <ymax>300</ymax>
        </bndbox>
    </object>
</annotation>