<annotation>
    <folder>images</folder>
    <filename>videoplayback1631.jpg</filename>
    <size>
        <width>1000</width>
        <height>563</height>
        <depth>3</depth>
    </size>
    <object>
        <name>Millennium Falcon</name>
        <bndbox>
            <xmin>276</xmin>
            <ymin>291</ymin>
            <xmax>892</xmax>
            <ymax>447</ymax>
        </bndbox>
    </object>
    <object>
        <name>Tie Fighter</name>
        <bndbox>
            <xmin>672</xmin>
            <ymin>261</ymin>
            <xmax>704</xmax>
            <ymax>282</ymax>
        </bndbox>
    </object>
    <object>
        <name>Tie Fighter</name>
        <bndbox>
            <xmin>806</xmin>
            <ymin>260</ymin>
            <xmax>853</xmax>
            <ymax>287</ymax>
        </bndbox>
    </object>
</annotation>