<annotation>
    <folder>images</folder>
    <filename>videoplayback1808.jpg</filename>
    <size>
        <width>1000</width>
        <height>563</height>
        <depth>3</depth>
    </size>
    <object>
        <name>Millennium Falcon</name>
        <bndbox>
            <xmin>72</xmin>
            <ymin>281</ymin>
            <xmax>865</xmax>
            <ymax>471</ymax>
        </bndbox>
    </object>
    <object>
        <name>Tie Fighter</name>
        <bndbox>
            <xmin>276</xmin>
            <ymin>197</ymin>
            <xmax>316</xmax>
            <ymax>231</ymax>
        </bndbox>
    </object>
</annotation>