<annotation>
    <folder>images</folder>
    <filename>videoplayback1643.jpg</filename>
    <size>
        <width>1000</width>
        <height>563</height>
        <depth>3</depth>
    </size>
    <object>
        <name>Millennium Falcon</name>
        <bndbox>
            <xmin>303</xmin>
            <ymin>287</ymin>
            <xmax>876</xmax>
            <ymax>431</ymax>
        </bndbox>
    </object>
    <object>
        <name>Tie Fighter</name>
        <bndbox>
            <xmin>971</xmin>
            <ymin>241</ymin>
            <xmax>997</xmax>
            <ymax>272</ymax>
        </bndbox>
    </object>
    <object>
        <name>Tie Fighter</name>
        <bndbox>
            <xmin>723</xmin>
            <ymin>251</ymin>
            <xmax>741</xmax>
            <ymax>274</ymax>
        </bndbox>
    </object>
</annotation>