<annotation>
    <folder>images</folder>
    <filename>videoplayback4019.jpg</filename>
    <size>
        <width>1000</width>
        <height>563</height>
        <depth>3</depth>
    </size>
    <object>
        <name>Millennium Falcon</name>
        <bndbox>
            <xmin>404</xmin>
            <ymin>145</ymin>
            <xmax>542</xmax>
            <ymax>426</ymax>
        </bndbox>
    </object>
    <object>
        <name>Tie Fighter</name>
        <bndbox>
            <xmin>511</xmin>
            <ymin>325</ymin>
            <xmax>569</xmax>
            <ymax>392</ymax>
        </bndbox>
    </object>
    <object>
        <name>Tie Fighter</name>
        <bndbox>
            <xmin>598</xmin>
            <ymin>341</ymin>
            <xmax>672</xmax>
            <ymax>409</ymax>
        </bndbox>
    </object>
</annotation>