<annotation>
    <folder>images</folder>
    <filename>videoplayback1814.jpg</filename>
    <size>
        <width>1000</width>
        <height>563</height>
        <depth>3</depth>
    </size>
    <object>
        <name>Millennium Falcon</name>
        <bndbox>
            <xmin>77</xmin>
            <ymin>258</ymin>
            <xmax>838</xmax>
            <ymax>453</ymax>
        </bndbox>
    </object>
    <object>
        <name>Tie Fighter</name>
        <bndbox>
            <xmin>312</xmin>
            <ymin>213</ymin>
            <xmax>331</xmax>
            <ymax>242</ymax>
        </bndbox>
    </object>
    <object>
        <name>Tie Fighter</name>
        <bndbox>
            <xmin>251</xmin>
            <ymin>165</ymin>
            <xmax>285</xmax>
            <ymax>212</ymax>
        </bndbox>
    </object>
</annotation>