<annotation>
    <folder>images</folder>
    <filename>videoplayback2704.jpg</filename>
    <size>
        <width>1000</width>
        <height>563</height>
        <depth>3</depth>
    </size>
    <object>
        <name>Tie Fighter</name>
        <bndbox>
            <xmin>133</xmin>
            <ymin>325</ymin>
            <xmax>178</xmax>
            <ymax>363</ymax>
        </bndbox>
    </object>
    <object>
        <name>Tie Fighter</name>
        <bndbox>
            <xmin>165</xmin>
            <ymin>284</ymin>
            <xmax>213</xmax>
            <ymax>325</ymax>
        </bndbox>
    </object>
    <object>
        <name>Millennium Falcon</name>
        <bndbox>
            <xmin>355</xmin>
            <ymin>70</ymin>
            <xmax>991</xmax>
            <ymax>490</ymax>
        </bndbox>
    </object>
</annotation>