<annotation>
    <folder>images</folder>
    <filename>videoplayback0535.jpg</filename>
    <size>
        <width>1000</width>
        <height>563</height>
        <depth>3</depth>
    </size>
    <object>
        <name>Tie Fighter</name>
        <bndbox>
            <xmin>207</xmin>
            <ymin>245</ymin>
            <xmax>230</xmax>
            <ymax>269</ymax>
        </bndbox>
    </object>
    <object>
        <name>Tie Fighter</name>
        <bndbox>
            <xmin>112</xmin>
            <ymin>79</ymin>
            <xmax>222</xmax>
            <ymax>218</ymax>
        </bndbox>
    </object>
</annotation>