<annotation>
    <folder>images</folder>
    <filename>videoplayback0523.jpg</filename>
    <size>
        <width>1000</width>
        <height>563</height>
        <depth>3</depth>
    </size>
    <object>
        <name>Tie Fighter</name>
        <bndbox>
            <xmin>226</xmin>
            <ymin>268</ymin>
            <xmax>249</xmax>
            <ymax>290</ymax>
        </bndbox>
    </object>
    <object>
        <name>Tie Fighter</name>
        <bndbox>
            <xmin>65</xmin>
            <ymin>157</ymin>
            <xmax>122</xmax>
            <ymax>224</ymax>
        </bndbox>
    </object>
</annotation>