<annotation>
    <folder>images</folder>
    <filename>videoplayback3792.jpg</filename>
    <size>
        <width>1000</width>
        <height>563</height>
        <depth>3</depth>
    </size>
    <object>
        <name>Tie Fighter</name>
        <bndbox>
            <xmin>444</xmin>
            <ymin>272</ymin>
            <xmax>491</xmax>
            <ymax>343</ymax>
        </bndbox>
    </object>
    <object>
        <name>Millennium Falcon</name>
        <bndbox>
            <xmin>537</xmin>
            <ymin>322</ymin>
            <xmax>567</xmax>
            <ymax>350</ymax>
        </bndbox>
    </object>
</annotation>