<annotation>
    <folder>images</folder>
    <filename>videoplayback0844.jpg</filename>
    <size>
        <width>1000</width>
        <height>563</height>
        <depth>3</depth>
    </size>
    <object>
        <name>Millennium Falcon</name>
        <bndbox>
            <xmin>255</xmin>
            <ymin>213</ymin>
            <xmax>735</xmax>
            <ymax>324</ymax>
        </bndbox>
    </object>
    <object>
        <name>Tie Fighter</name>
        <bndbox>
            <xmin>456</xmin>
            <ymin>175</ymin>
            <xmax>484</xmax>
            <ymax>189</ymax>
        </bndbox>
    </object>
    <object>
        <name>Tie Fighter</name>
        <bndbox>
            <xmin>208</xmin>
            <ymin>118</ymin>
            <xmax>232</xmax>
            <ymax>148</ymax>
        </bndbox>
    </object>
</annotation>