<annotation>
    <folder>images</folder>
    <filename>videoplayback3391.jpg</filename>
    <size>
        <width>1000</width>
        <height>563</height>
        <depth>3</depth>
    </size>
    <object>
        <name>Tie Fighter</name>
        <bndbox>
            <xmin>503</xmin>
            <ymin>122</ymin>
            <xmax>588</xmax>
            <ymax>215</ymax>
        </bndbox>
    </object>
    <object>
        <name>Tie Fighter</name>
        <bndbox>
            <xmin>679</xmin>
            <ymin>182</ymin>
            <xmax>782</xmax>
            <ymax>298</ymax>
        </bndbox>
    </object>
</annotation>