<annotation>
    <folder>images</folder>
    <filename>videoplayback3666.jpg</filename>
    <size>
        <width>1000</width>
        <height>563</height>
        <depth>3</depth>
    </size>
    <object>
        <name>Tie Fighter</name>
        <bndbox>
            <xmin>911</xmin>
            <ymin>271</ymin>
            <xmax>936</xmax>
            <ymax>296</ymax>
        </bndbox>
    </object>
    <object>
        <name>Tie Fighter</name>
        <bndbox>
            <xmin>799</xmin>
            <ymin>311</ymin>
            <xmax>837</xmax>
            <ymax>339</ymax>
        </bndbox>
    </object>
    <object>
        <name>Millennium Falcon</name>
        <bndbox>
            <xmin>342</xmin>
            <ymin>190</ymin>
            <xmax>707</xmax>
            <ymax>340</ymax>
        </bndbox>
    </object>
</annotation>