<annotation>
    <folder>images</folder>
    <filename>videoplayback4312.jpg</filename>
    <size>
        <width>1000</width>
        <height>563</height>
        <depth>3</depth>
    </size>
    <object>
        <name>Tie Fighter</name>
        <bndbox>
            <xmin>430</xmin>
            <ymin>197</ymin>
            <xmax>529</xmax>
            <ymax>300</ymax>
        </bndbox>
    </object>
    <object>
        <name>Tie Fighter</name>
        <bndbox>
            <xmin>615</xmin>
            <ymin>115</ymin>
            <xmax>849</xmax>
            <ymax>410</ymax>
        </bndbox>
    </object>
</annotation>