<annotation>
    <folder>images</folder>
    <filename>videoplayback3482.jpg</filename>
    <size>
        <width>1000</width>
        <height>563</height>
        <depth>3</depth>
    </size>
    <object>
        <name>Millennium Falcon</name>
        <bndbox>
            <xmin>308</xmin>
            <ymin>232</ymin>
            <xmax>438</xmax>
            <ymax>291</ymax>
        </bndbox>
    </object>
    <object>
        <name>Tie Fighter</name>
        <bndbox>
            <xmin>621</xmin>
            <ymin>195</ymin>
            <xmax>943</xmax>
            <ymax>487</ymax>
        </bndbox>
    </object>
    <object>
        <name>Tie Fighter</name>
        <bndbox>
            <xmin>52</xmin>
            <ymin>195</ymin>
            <xmax>192</xmax>
            <ymax>338</ymax>
        </bndbox>
    </object>
</annotation>