<annotation>
    <folder>images</folder>
    <filename>videoplayback6026.jpg</filename>
    <size>
        <width>1000</width>
        <height>563</height>
        <depth>3</depth>
    </size>
    <object>
        <name>Tie Fighter</name>
        <bndbox>
            <xmin>314</xmin>
            <ymin>190</ymin>
            <xmax>866</xmax>
            <ymax>512</ymax>
        </bndbox>
    </object>
    <object>
        <name>Millennium Falcon</name>
        <bndbox>
            <xmin>522</xmin>
            <ymin>238</ymin>
            <xmax>659</xmax>
            <ymax>329</ymax>
        </bndbox>
    </object>
</annotation>