<annotation>
    <folder>images</folder>
    <filename>videoplayback0808.jpg</filename>
    <size>
        <width>1000</width>
        <height>563</height>
        <depth>3</depth>
    </size>
    <object>
        <name>Millennium Falcon</name>
        <bndbox>
            <xmin>232</xmin>
            <ymin>234</ymin>
            <xmax>732</xmax>
            <ymax>336</ymax>
        </bndbox>
    </object>
    <object>
        <name>Tie Fighter</name>
        <bndbox>
            <xmin>181</xmin>
            <ymin>173</ymin>
            <xmax>195</xmax>
            <ymax>201</ymax>
        </bndbox>
    </object>
</annotation>