<annotation>
    <folder>images</folder>
    <filename>videoplayback4043.jpg</filename>
    <size>
        <width>1000</width>
        <height>563</height>
        <depth>3</depth>
    </size>
    <object>
        <name>Tie Fighter</name>
        <bndbox>
            <xmin>707</xmin>
            <ymin>258</ymin>
            <xmax>881</xmax>
            <ymax>424</ymax>
        </bndbox>
    </object>
    <object>
        <name>Tie Fighter</name>
        <bndbox>
            <xmin>811</xmin>
            <ymin>209</ymin>
            <xmax>999</xmax>
            <ymax>349</ymax>
        </bndbox>
    </object>
</annotation>