<annotation>
    <folder>images</folder>
    <filename>videoplayback0856.jpg</filename>
    <size>
        <width>1000</width>
        <height>563</height>
        <depth>3</depth>
    </size>
    <object>
        <name>Millennium Falcon</name>
        <bndbox>
            <xmin>261</xmin>
            <ymin>217</ymin>
            <xmax>731</xmax>
            <ymax>332</ymax>
        </bndbox>
    </object>
    <object>
        <name>Tie Fighter</name>
        <bndbox>
            <xmin>541</xmin>
            <ymin>182</ymin>
            <xmax>559</xmax>
            <ymax>202</ymax>
        </bndbox>
    </object>
    <object>
        <name>Tie Fighter</name>
        <bndbox>
            <xmin>313</xmin>
            <ymin>137</ymin>
            <xmax>338</xmax>
            <ymax>156</ymax>
        </bndbox>
    </object>
</annotation>