<annotation>
    <folder>images</folder>
    <filename>videoplayback4049.jpg</filename>
    <size>
        <width>1000</width>
        <height>563</height>
        <depth>3</depth>
    </size>
    <object>
        <name>Tie Fighter</name>
        <bndbox>
            <xmin>550</xmin>
            <ymin>156</ymin>
            <xmax>846</xmax>
            <ymax>458</ymax>
        </bndbox>
    </object>
    <object>
        <name>Tie Fighter</name>
        <bndbox>
            <xmin>874</xmin>
            <ymin>131</ymin>
            <xmax>1000</xmax>
            <ymax>354</ymax>
        </bndbox>
    </object>
</annotation>