<annotation>
    <folder>images</folder>
    <filename>videoplayback2837.jpg</filename>
    <size>
        <width>1000</width>
        <height>563</height>
        <depth>3</depth>
    </size>
    <object>
        <name>Tie Fighter</name>
        <bndbox>
            <xmin>690</xmin>
            <ymin>234</ymin>
            <xmax>831</xmax>
            <ymax>369</ymax>
        </bndbox>
    </object>
    <object>
        <name>Tie Fighter</name>
        <bndbox>
            <xmin>359</xmin>
            <ymin>152</ymin>
            <xmax>531</xmax>
            <ymax>310</ymax>
        </bndbox>
    </object>
</annotation>