<annotation>
    <folder>images</folder>
    <filename>videoplayback4622.jpg</filename>
    <size>
        <width>1000</width>
        <height>563</height>
        <depth>3</depth>
    </size>
    <object>
        <name>Millennium Falcon</name>
        <bndbox>
            <xmin>179</xmin>
            <ymin>225</ymin>
            <xmax>328</xmax>
            <ymax>298</ymax>
        </bndbox>
    </object>
    <object>
        <name>Tie Fighter</name>
        <bndbox>
            <xmin>448</xmin>
            <ymin>168</ymin>
            <xmax>531</xmax>
            <ymax>247</ymax>
        </bndbox>
    </object>
</annotation>