<annotation>
    <folder>images</folder>
    <filename>videoplayback3780.jpg</filename>
    <size>
        <width>1000</width>
        <height>563</height>
        <depth>3</depth>
    </size>
    <object>
        <name>Tie Fighter</name>
        <bndbox>
            <xmin>390</xmin>
            <ymin>224</ymin>
            <xmax>511</xmax>
            <ymax>335</ymax>
        </bndbox>
    </object>
    <object>
        <name>Millennium Falcon</name>
        <bndbox>
            <xmin>579</xmin>
            <ymin>309</ymin>
            <xmax>631</xmax>
            <ymax>343</ymax>
        </bndbox>
    </object>
</annotation>