<annotation>
    <folder>images</folder>
    <filename>videoplayback3786.jpg</filename>
    <size>
        <width>1000</width>
        <height>563</height>
        <depth>3</depth>
    </size>
    <object>
        <name>Tie Fighter</name>
        <bndbox>
            <xmin>409</xmin>
            <ymin>257</ymin>
            <xmax>495</xmax>
            <ymax>336</ymax>
        </bndbox>
    </object>
    <object>
        <name>Millennium Falcon</name>
        <bndbox>
            <xmin>563</xmin>
            <ymin>321</ymin>
            <xmax>600</xmax>
            <ymax>354</ymax>
        </bndbox>
    </object>
</annotation>