<annotation>
    <folder>images</folder>
    <filename>videoplayback3228.jpg</filename>
    <size>
        <width>1000</width>
        <height>563</height>
        <depth>3</depth>
    </size>
    <object>
        <name>Millennium Falcon</name>
        <bndbox>
            <xmin>339</xmin>
            <ymin>275</ymin>
            <xmax>396</xmax>
            <ymax>294</ymax>
        </bndbox>
    </object>
    <object>
        <name>Tie Fighter</name>
        <bndbox>
            <xmin>316</xmin>
            <ymin>307</ymin>
            <xmax>388</xmax>
            <ymax>379</ymax>
        </bndbox>
    </object>
    <object>
        <name>Tie Fighter</name>
        <bndbox>
            <xmin>407</xmin>
            <ymin>292</ymin>
            <xmax>441</xmax>
            <ymax>330</ymax>
        </bndbox>
    </object>
</annotation>