<annotation>
    <folder>images</folder>
    <filename>videoplayback0108.jpg</filename>
    <size>
        <width>1000</width>
        <height>563</height>
        <depth>3</depth>
    </size>
    <object>
        <name>Tie Fighter</name>
        <bndbox>
            <xmin>155</xmin>
            <ymin>279</ymin>
            <xmax>168</xmax>
            <ymax>292</ymax>
        </bndbox>
    </object>
    <object>
        <name>Tie Fighter</name>
        <bndbox>
            <xmin>129</xmin>
            <ymin>260</ymin>
            <xmax>140</xmax>
            <ymax>270</ymax>
        </bndbox>
    </object>
</annotation>