<annotation>
    <folder>images</folder>
    <filename>videoplayback1679.jpg</filename>
    <size>
        <width>1000</width>
        <height>563</height>
        <depth>3</depth>
    </size>
    <object>
        <name>Tie Fighter</name>
        <bndbox>
            <xmin>726</xmin>
            <ymin>149</ymin>
            <xmax>753</xmax>
            <ymax>177</ymax>
        </bndbox>
    </object>
    <object>
        <name>Millennium Falcon</name>
        <bndbox>
            <xmin>309</xmin>
            <ymin>235</ymin>
            <xmax>874</xmax>
            <ymax>408</ymax>
        </bndbox>
    </object>
</annotation>