<annotation>
    <folder>images</folder>
    <filename>videoplayback0102.jpg</filename>
    <size>
        <width>1000</width>
        <height>563</height>
        <depth>3</depth>
    </size>
    <object>
        <name>Tie Fighter</name>
        <bndbox>
            <xmin>133</xmin>
            <ymin>279</ymin>
            <xmax>145</xmax>
            <ymax>292</ymax>
        </bndbox>
    </object>
    <object>
        <name>Tie Fighter</name>
        <bndbox>
            <xmin>108</xmin>
            <ymin>260</ymin>
            <xmax>118</xmax>
            <ymax>270</ymax>
        </bndbox>
    </object>
    <object>
        <name>Tie Fighter</name>
        <bndbox>
            <xmin>41</xmin>
            <ymin>284</ymin>
            <xmax>49</xmax>
            <ymax>293</ymax>
        </bndbox>
    </object>
</annotation>