<annotation>
    <folder>images</folder>
    <filename>videoplayback4925.jpg</filename>
    <size>
        <width>1000</width>
        <height>563</height>
        <depth>3</depth>
    </size>
    <object>
        <name>Millennium Falcon</name>
        <bndbox>
            <xmin>10</xmin>
            <ymin>75</ymin>
            <xmax>990</xmax>
            <ymax>283</ymax>
        </bndbox>
    </object>
    <object>
        <name>Tie Fighter</name>
        <bndbox>
            <xmin>581</xmin>
            <ymin>237</ymin>
            <xmax>682</xmax>
            <ymax>340</ymax>
        </bndbox>
    </object>
</annotation>