<annotation>
    <folder>images</folder>
    <filename>videoplayback3216.jpg</filename>
    <size>
        <width>1000</width>
        <height>563</height>
        <depth>3</depth>
    </size>
    <object>
        <name>Tie Fighter</name>
        <bndbox>
            <xmin>330</xmin>
            <ymin>295</ymin>
            <xmax>397</xmax>
            <ymax>365</ymax>
        </bndbox>
    </object>
    <object>
        <name>Millennium Falcon</name>
        <bndbox>
            <xmin>190</xmin>
            <ymin>300</ymin>
            <xmax>289</xmax>
            <ymax>356</ymax>
        </bndbox>
    </object>
</annotation>