<annotation>
    <folder>images</folder>
    <filename>videoplayback4184.jpg</filename>
    <size>
        <width>1000</width>
        <height>563</height>
        <depth>3</depth>
    </size>
    <object>
        <name>Millennium Falcon</name>
        <bndbox>
            <xmin>487</xmin>
            <ymin>183</ymin>
            <xmax>562</xmax>
            <ymax>272</ymax>
        </bndbox>
    </object>
    <object>
        <name>Tie Fighter</name>
        <bndbox>
            <xmin>610</xmin>
            <ymin>207</ymin>
            <xmax>661</xmax>
            <ymax>256</ymax>
        </bndbox>
    </object>
</annotation>