<annotation>
    <folder>images</folder>
    <filename>videoplayback0084.jpg</filename>
    <size>
        <width>1000</width>
        <height>563</height>
        <depth>3</depth>
    </size>
    <object>
        <name>Tie Fighter</name>
        <bndbox>
            <xmin>79</xmin>
            <ymin>279</ymin>
            <xmax>88</xmax>
            <ymax>291</ymax>
        </bndbox>
    </object>
    <object>
        <name>Tie Fighter</name>
        <bndbox>
            <xmin>55</xmin>
            <ymin>260</ymin>
            <xmax>63</xmax>
            <ymax>270</ymax>
        </bndbox>
    </object>
</annotation>