<annotation>
    <folder>images</folder>
    <filename>videoplayback6259.jpg</filename>
    <size>
        <width>1000</width>
        <height>563</height>
        <depth>3</depth>
    </size>
    <object>
        <name>Tie Fighter</name>
        <bndbox>
            <xmin>11</xmin>
            <ymin>71</ymin>
            <xmax>546</xmax>
            <ymax>465</ymax>
        </bndbox>
    </object>
    <object>
        <name>Millennium Falcon</name>
        <bndbox>
            <xmin>593</xmin>
            <ymin>69</ymin>
            <xmax>933</xmax>
            <ymax>433</ymax>
        </bndbox>
    </object>
</annotation>