<annotation>
    <folder>images</folder>
    <filename>videoplayback5538.jpg</filename>
    <size>
        <width>1000</width>
        <height>563</height>
        <depth>3</depth>
    </size>
    <object>
        <name>Tie Fighter</name>
        <bndbox>
            <xmin>286</xmin>
            <ymin>268</ymin>
            <xmax>367</xmax>
            <ymax>339</ymax>
        </bndbox>
    </object>
    <object>
        <name>Millennium Falcon</name>
        <bndbox>
            <xmin>799</xmin>
            <ymin>124</ymin>
            <xmax>881</xmax>
            <ymax>216</ymax>
        </bndbox>
    </object>
</annotation>