<annotation>
    <folder>images</folder>
    <filename>videoplayback4437.jpg</filename>
    <size>
        <width>1000</width>
        <height>563</height>
        <depth>3</depth>
    </size>
    <object>
        <name>Tie Fighter</name>
        <bndbox>
            <xmin>567</xmin>
            <ymin>315</ymin>
            <xmax>720</xmax>
            <ymax>481</ymax>
        </bndbox>
    </object>
    <object>
        <name>Tie Fighter</name>
        <bndbox>
            <xmin>838</xmin>
            <ymin>211</ymin>
            <xmax>897</xmax>
            <ymax>267</ymax>
        </bndbox>
    </object>
</annotation>