<annotation>
    <folder>images</folder>
    <filename>videoplayback3804.jpg</filename>
    <size>
        <width>1000</width>
        <height>563</height>
        <depth>3</depth>
    </size>
    <object>
        <name>Tie Fighter</name>
        <bndbox>
            <xmin>495</xmin>
            <ymin>290</ymin>
            <xmax>535</xmax>
            <ymax>342</ymax>
        </bndbox>
    </object>
    <object>
        <name>Tie Fighter</name>
        <bndbox>
            <xmin>344</xmin>
            <ymin>236</ymin>
            <xmax>454</xmax>
            <ymax>333</ymax>
        </bndbox>
    </object>
</annotation>