<annotation>
    <folder>images</folder>
    <filename>videoplayback4208.jpg</filename>
    <size>
        <width>1000</width>
        <height>563</height>
        <depth>3</depth>
    </size>
    <object>
        <name>Millennium Falcon</name>
        <bndbox>
            <xmin>467</xmin>
            <ymin>196</ymin>
            <xmax>552</xmax>
            <ymax>254</ymax>
        </bndbox>
    </object>
    <object>
        <name>Tie Fighter</name>
        <bndbox>
            <xmin>521</xmin>
            <ymin>342</ymin>
            <xmax>639</xmax>
            <ymax>474</ymax>
        </bndbox>
    </object>
    <object>
        <name>Tie Fighter</name>
        <bndbox>
            <xmin>665</xmin>
            <ymin>222</ymin>
            <xmax>706</xmax>
            <ymax>265</ymax>
        </bndbox>
    </object>
</annotation>