<annotation>
    <folder>images</folder>
    <filename>videoplayback2924.jpg</filename>
    <size>
        <width>1000</width>
        <height>563</height>
        <depth>3</depth>
    </size>
    <object>
        <name>Tie Fighter</name>
        <bndbox>
            <xmin>351</xmin>
            <ymin>326</ymin>
            <xmax>402</xmax>
            <ymax>371</ymax>
        </bndbox>
    </object>
    <object>
        <name>Millennium Falcon</name>
        <bndbox>
            <xmin>143</xmin>
            <ymin>84</ymin>
            <xmax>898</xmax>
            <ymax>304</ymax>
        </bndbox>
    </object>
    <object>
        <name>Tie Fighter</name>
        <bndbox>
            <xmin>618</xmin>
            <ymin>329</ymin>
            <xmax>701</xmax>
            <ymax>402</ymax>
        </bndbox>
    </object>
</annotation>