<annotation>
    <folder>images</folder>
    <filename>videoplayback3678.jpg</filename>
    <size>
        <width>1000</width>
        <height>563</height>
        <depth>3</depth>
    </size>
    <object>
        <name>Tie Fighter</name>
        <bndbox>
            <xmin>912</xmin>
            <ymin>302</ymin>
            <xmax>969</xmax>
            <ymax>348</ymax>
        </bndbox>
    </object>
    <object>
        <name>Millennium Falcon</name>
        <bndbox>
            <xmin>359</xmin>
            <ymin>104</ymin>
            <xmax>727</xmax>
            <ymax>397</ymax>
        </bndbox>
    </object>
</annotation>