<annotation>
    <folder>images</folder>
    <filename>videoplayback5532.jpg</filename>
    <size>
        <width>1000</width>
        <height>563</height>
        <depth>3</depth>
    </size>
    <object>
        <name>Tie Fighter</name>
        <bndbox>
            <xmin>301</xmin>
            <ymin>263</ymin>
            <xmax>407</xmax>
            <ymax>337</ymax>
        </bndbox>
    </object>
    <object>
        <name>Millennium Falcon</name>
        <bndbox>
            <xmin>800</xmin>
            <ymin>152</ymin>
            <xmax>913</xmax>
            <ymax>225</ymax>
        </bndbox>
    </object>
</annotation>