<annotation>
    <folder>images</folder>
    <filename>videoplayback6074.jpg</filename>
    <size>
        <width>1000</width>
        <height>563</height>
        <depth>3</depth>
    </size>
    <object>
        <name>Tie Fighter</name>
        <bndbox>
            <xmin>253</xmin>
            <ymin>280</ymin>
            <xmax>293</xmax>
            <ymax>341</ymax>
        </bndbox>
    </object>
    <object>
        <name>Millennium Falcon</name>
        <bndbox>
            <xmin>510</xmin>
            <ymin>217</ymin>
            <xmax>590</xmax>
            <ymax>333</ymax>
        </bndbox>
    </object>
</annotation>