<annotation>
    <folder>images</folder>
    <filename>videoplayback4455.jpg</filename>
    <size>
        <width>1000</width>
        <height>563</height>
        <depth>3</depth>
    </size>
    <object>
        <name>Millennium Falcon</name>
        <bndbox>
            <xmin>414</xmin>
            <ymin>248</ymin>
            <xmax>497</xmax>
            <ymax>369</ymax>
        </bndbox>
    </object>
    <object>
        <name>Tie Fighter</name>
        <bndbox>
            <xmin>822</xmin>
            <ymin>277</ymin>
            <xmax>875</xmax>
            <ymax>319</ymax>
        </bndbox>
    </object>
</annotation>