<annotation>
    <folder>images</folder>
    <filename>videoplayback2918.jpg</filename>
    <size>
        <width>1000</width>
        <height>563</height>
        <depth>3</depth>
    </size>
    <object>
        <name>Millennium Falcon</name>
        <bndbox>
            <xmin>78</xmin>
            <ymin>69</ymin>
            <xmax>803</xmax>
            <ymax>278</ymax>
        </bndbox>
    </object>
    <object>
        <name>Tie Fighter</name>
        <bndbox>
            <xmin>549</xmin>
            <ymin>326</ymin>
            <xmax>624</xmax>
            <ymax>395</ymax>
        </bndbox>
    </object>
</annotation>