<annotation>
    <folder>images</folder>
    <filename>videoplayback3774.jpg</filename>
    <size>
        <width>1000</width>
        <height>563</height>
        <depth>3</depth>
    </size>
    <object>
        <name>Tie Fighter</name>
        <bndbox>
            <xmin>413</xmin>
            <ymin>144</ymin>
            <xmax>594</xmax>
            <ymax>314</ymax>
        </bndbox>
    </object>
    <object>
        <name>Millennium Falcon</name>
        <bndbox>
            <xmin>581</xmin>
            <ymin>293</ymin>
            <xmax>647</xmax>
            <ymax>320</ymax>
        </bndbox>
    </object>
</annotation>