<annotation>
    <folder>images</folder>
    <filename>videoplayback3458.jpg</filename>
    <size>
        <width>1000</width>
        <height>563</height>
        <depth>3</depth>
    </size>
    <object>
        <name>Millennium Falcon</name>
        <bndbox>
            <xmin>338</xmin>
            <ymin>214</ymin>
            <xmax>479</xmax>
            <ymax>275</ymax>
        </bndbox>
    </object>
    <object>
        <name>Tie Fighter</name>
        <bndbox>
            <xmin>283</xmin>
            <ymin>192</ymin>
            <xmax>395</xmax>
            <ymax>326</ymax>
        </bndbox>
    </object>
</annotation>