<annotation>
    <folder>images</folder>
    <filename>videoplayback0826.jpg</filename>
    <size>
        <width>1000</width>
        <height>563</height>
        <depth>3</depth>
    </size>
    <object>
        <name>Millennium Falcon</name>
        <bndbox>
            <xmin>238</xmin>
            <ymin>224</ymin>
            <xmax>737</xmax>
            <ymax>326</ymax>
        </bndbox>
    </object>
    <object>
        <name>Tie Fighter</name>
        <bndbox>
            <xmin>317</xmin>
            <ymin>164</ymin>
            <xmax>343</xmax>
            <ymax>193</ymax>
        </bndbox>
    </object>
    <object>
        <name>Tie Fighter</name>
        <bndbox>
            <xmin>38</xmin>
            <ymin>105</ymin>
            <xmax>59</xmax>
            <ymax>130</ymax>
        </bndbox>
    </object>
</annotation>