<annotation>
    <folder>images</folder>
    <filename>videoplayback4178.jpg</filename>
    <size>
        <width>1000</width>
        <height>563</height>
        <depth>3</depth>
    </size>
    <object>
        <name>Millennium Falcon</name>
        <bndbox>
            <xmin>548</xmin>
            <ymin>174</ymin>
            <xmax>635</xmax>
            <ymax>279</ymax>
        </bndbox>
    </object>
    <object>
        <name>Tie Fighter</name>
        <bndbox>
            <xmin>648</xmin>
            <ymin>208</ymin>
            <xmax>705</xmax>
            <ymax>255</ymax>
        </bndbox>
    </object>
</annotation>